"Variable / Field Name","Form Name","Section Header","Field Type","Field Label","Choices, Calculations, OR Slider Labels","Field Note","Text Validation Type OR Show Slider Number","Text Validation Min","Text Validation Max",Identifier?,"Branching Logic (Show field only if...)","Required Field?","Custom Alignment","Question Number (surveys only)","Matrix Group Name","Matrix Ranking?","Field Annotation"
liver_imagemap,custom_imagemap,,descriptive,"<img id=""faces"" src=""https://boneandspine.com/wp-content/uploads/2013/08/faces-pain-scale-revised.png"" border=""0"" width=""854"" height=""343"" orgWidth=""854"" orgHeight=""343"" usemap=""#image-maps-2021-04-09-174504"" alt=""""/><map name=""image-maps-2021-04-09-174504"" id=""faces_id"">
<area shape=""rect"" coords=""852,341,854,343"" alt=""Faces of Pain Scale"" style=""outline:none;"" title=""Faces Pain"" href=""http://www.image-maps.com/index.php?aff=mapped_users_0""/><area  alt=""0"" title=""0"" href="""" data-key=""0"" shape=""poly"" coords=""73,245,85,241,97,232,104,220,111,204,117,190,119,177,122,162,120,149,111,132,102,123,88,117,77,116,64,117,53,120,43,125,34,134,29,146,28,160,28,177,32,194,39,212,47,225,57,237"" style=""outline:none;"" target=""_self""/><area  alt=""2"" title=""2"" href="""" data-key=""2"" shape=""poly"" coords=""217,246,232,241,244,227,252,214,260,194,264,176,266,157,261,140,252,125,237,118,222,116,210,117,202,118,192,122,182,129,176,140,173,153,172,169,174,185,178,200,185,215,195,230,206,242"" style=""outline:none;"" target=""_self""/><area  alt=""4"" title=""4"" href="""" data-key=""4"" shape=""poly"" coords=""361,246,377,239,387,231,394,218,400,204,405,189,408,176,409,158,406,144,401,133,394,125,385,120,375,117,366,115,350,117,342,120,334,124,327,129,319,139,317,154,316,166,317,181,323,201,330,217,339,230,349,242"" style=""outline:none;"" target=""_self""/><area  alt=""6"" title=""6"" href="""" data-key=""6"" shape=""poly"" coords=""506,246,522,238,536,223,543,205,550,184,554,160,549,141,541,128,532,121,514,116,501,116,491,118,480,123,468,133,462,146,460,172,464,189,473,214,485,232,495,242"" style=""outline:none;"" target=""_self""/>
<area  alt=""8"" title=""8"" href="""" data-key=""8"" shape=""poly"" coords=""650,246,663,240,677,226,688,207,694,187,698,166,694,142,687,129,675,121,665,116,649,116,633,119,620,125,610,135,604,152,604,178,610,199,618,217,628,233,640,244"" style=""outline:none;"" target=""_self""/><area  alt=""10"" title=""10"" href="""" data-key=""10"" shape=""poly"" coords=""791,245,808,241,818,230,825,218,833,200,841,176,840,149,832,132,820,122,807,117,791,116,776,118,763,128,754,136,748,155,750,179,756,202,766,221,777,237"" style=""outline:none;"" target=""_self""/></map><area  alt=""6"" title=""6"" href="""" shape=""poly"" coords=""699,225,672,205,659,185,650,163,643,141,640,115,643,88,650,69,669,52,690,47,708,46,730,49,752,62,766,86,772,114,764,151,750,190,730,214,720,224"" style=""outline:none;"" target=""_self""/><area  alt=""8"" title=""8"" href="""" shape=""poly"" coords=""897,226,922,213,937,195,950,167,959,134,961,97,947,66,932,52,907,46,879,48,858,58,848,67,840,76,834,99,835,125,839,149,846,169,857,189,870,208"" style=""outline:none;"" target=""_self""/><area  alt=""10: Worst pain possible"" title=""10"" href="""" shape=""poly"" coords=""1058,207,1079,225,1095,224,1112,215,1123,201,1133,186,1142,164,1151,137,1155,112,1152,86,1140,66,1126,55,1107,48,1088,46,1068,50,1048,57,1035,70,1024,98,1025,122,1032,152,1042,175"" style=""outline:none;"" target=""_self""/></map>",,,,,,,,,,,,," @CUSTOM_IMAGEMAP=registerImageMap(""faces"", ""faces_id"", ""face_choices"", ""rgba(255, 0, 0, 0.2)"", ""data-key"")"
face_choices,custom_imagemap,,dropdown,Faces,"0, 0 | 2, 2 | 4, 4 | 6, 6 | 8, 8 | 10, 10",,,,,,,,,,,," @HIDDEN"
